{
	"root": {
		"expressions": {
			"binaryConstraints": [
					{
						"name": "mul1",
						"operator": "multiplication",
						"left": "ten",
						"right": "ten",
						"root": "false"
					},
					{
						"name": "mul2",
						"operator": "multiplication",
						"left": "ten",
						"right": "hundred",
						"root": "false"
					},
					{
						"name": "add1",
						"operator": "addition",
						"left": "mul1",
						"right": "mul2",
						"root": "false"
					},
					{
						"name": "testMul",
						"operator": "multiplication",
						"left": "add1",
						"right": "add1",
						"root": "false"
					},
					{
						"name": "testGreater",
						"operator": "greater",
						"left": "tenThousand",
						"right": "add1",
						"root": "true"
					},
					{
						"name": "testLess",
						"operator": "less",
						"left": "mul1",
						"right": "thousand",
						"root": "true"
					},
					{
						"name": "testEqual",
						"operator": "equal",
						"left": "mul1",
						"right": "hundred",
						"root": "true"
					}
			],
			"values": [
					{
						"name": "tenThousand",
						"value": "10000",
						"type": "IntegerType"
					},
					{
						"name": "thousand",
						"value": "1000",
						"type": "IntegerType"
					},
					{
						"name": "hundred",
						"value": "100",
						"type": "IntegerType"
					},
					{
						"name": "ten",
						"value": "10",
						"type": "IntegerType"
					}
			]
		}
	}
}